{
    "0.1": [
        1150267.9653486323,
        1151435.6683798644,
        1147877.1853314457,
        1141057.969835139,
        1157584.7987748645,
        1145406.1180146483,
        1126701.970040933,
        1140540.157375107,
        1134018.7139806715,
        1153998.5732804104,
        1149895.7114925378,
        1136798.8231537289,
        1146304.1793036035,
        1132766.8116680207,
        1168596.481879487,
        1142273.139380042,
        1122825.559649943,
        1147251.236000118,
        1152988.3968256908,
        1134171.747987998
    ],
    "0.2": [
        1111702.1902572382,
        1109999.5643843086,
        1119048.9264824737,
        1089935.3656831034,
        1110219.2458621208,
        1096124.71241626,
        1115680.7418619716,
        1107009.8334054986,
        1091377.8918573523,
        1100118.9421608013,
        1098494.0443577762,
        1101748.182854965,
        1113892.950311131,
        1116172.8658567362,
        1077579.0679242185,
        1111225.8938093095,
        1096556.8965723496,
        1104107.5724978298,
        1116916.7658254516,
        1127166.7068224703
    ],
    "0.3": [
        1114008.7317524387,
        1103765.5781829783,
        1114208.883946288,
        1102398.4366050137,
        1087940.5735504534,
        1103903.272706927,
        1116960.5046359906,
        1098053.4718245324,
        1093956.132806323,
        1136431.8104181227,
        1070282.6071560376,
        1110704.4176249367,
        1095313.9036100614,
        1105975.6478941734,
        1091353.6962387399,
        1093421.7601139864,
        1101396.3579438042,
        1097585.6994437145,
        1127380.4900083218,
        1114618.739649935
    ],
    "0.5": [
        1128931.4044403054,
        1106693.6819928489,
        1145793.7916849693,
        1150306.3337124148,
        1117929.77393674,
        1150524.5597886385,
        1133977.1031728885,
        1116952.3352806543,
        1138833.9968694923,
        1130321.8632429063,
        1165015.4074536816,
        1146118.6036778826,
        1113799.480525255,
        1139507.474308788,
        1144399.0028704617,
        1135060.5111480458,
        1135614.7053519916,
        1148560.75042756,
        1131490.3091346207,
        1134561.7695370666
    ]
}