{
    "random": [
        1224236.4494325018,
        1193461.3213915238,
        1218944.3567667769,
        1248076.3643758032,
        1213811.4009736865,
        1229061.4456214942,
        1204100.9983538578,
        1212286.269413314,
        1231933.129566607,
        1213648.5841618357,
        1207400.211526967,
        1255264.7484322411,
        1209636.2221521332,
        1184140.6399817537,
        1197215.3440020566,
        1199942.4988208422,
        1223837.864823073,
        1212946.168013195,
        1184490.9396766443,
        1220501.7850512778
    ],
    "tournament": [
        1099737.8837389464,
        1098751.6888396821,
        1103112.3054296782,
        1105110.6066521066,
        1106732.5520584758,
        1087505.5633299535,
        1120771.410793662,
        1086643.5698833568,
        1067756.272339805,
        1091248.1886794886,
        1115713.7980337644,
        1094295.2032583035,
        1083655.3358135673,
        1100952.793127715,
        1107272.5601231446,
        1102100.665320416,
        1093447.9365989696,
        1132357.0351360217,
        1079748.3032505885,
        1106721.171022606
    ],
    "proportional": [
        1199473.5617557329,
        1226448.2475226908,
        1200517.522669781,
        1244552.4062692602,
        1239429.1831916708,
        1206509.5358652095,
        1226773.0464605908,
        1206154.9386007981,
        1231622.363949359,
        1202398.7408354173,
        1203441.5440293523,
        1250914.0333258775,
        1207097.0165281817,
        1195401.3709076517,
        1178211.2570099314,
        1226197.3006617404,
        1229524.723402648,
        1219538.4955569964,
        1202573.275441727,
        1169589.812266476
    ]
}