{
    "1e-05": [
        1252475.9100223372,
        1242928.5565166634,
        1252857.4903460161,
        1249003.5626485895,
        1232405.0551348855,
        1269309.648828292,
        1244779.0735152918,
        1225143.0129499177,
        1232838.0462802856,
        1257291.8420709295
    ],
    "5e-05": [
        1181621.433842199,
        1220696.5441584706,
        1208413.1138255359,
        1222637.414671297,
        1221865.100844288,
        1218570.5153591307,
        1201190.342310273,
        1217924.715457915,
        1207165.5155716666,
        1230437.2489352569
    ],
    "0.0001": [
        1205487.6403770372,
        1198770.5592831452,
        1193018.4743963138,
        1223289.9124608517,
        1200655.102522251,
        1230677.0490350535,
        1192105.6176743093,
        1203465.452214592,
        1179547.9282843713,
        1216112.5647941711
    ],
    "0.0002": [
        1201975.8928259742,
        1200601.2580080484,
        1221857.9658417597,
        1190104.2217735953,
        1258171.8623326698,
        1215776.4741458043,
        1207421.576915922,
        1189357.2692306791,
        1207388.498035059,
        1213068.1570481716
    ],
    "0.0003": [
        1223859.299778148,
        1227697.5140925404,
        1204707.9899620593,
        1231476.516820463,
        1213359.0509921892,
        1207592.4687297058,
        1194097.7326664433,
        1219996.2244306742,
        1217083.0944869488,
        1248425.7090959018
    ],
    "0.0004": [
        1233064.9782717598,
        1265609.4334278568,
        1210746.4264734748,
        1198387.9635525218,
        1223125.7493993288,
        1242764.1469397913,
        1236874.810086729,
        1206563.8490190469,
        1248825.9081154994,
        1240233.8197879656
    ],
    "0.0008": [
        1282249.078079939,
        1257751.3995339496,
        1259431.1087823962,
        1249281.71060474,
        1255854.1133580857,
        1259401.930293741,
        1247385.553364072,
        1239181.6629363918,
        1232808.6316234868,
        1251879.3684233981
    ]
}