{
    "30": [
        1191229.8441370146,
        1130970.4845112874,
        1181069.3585170966,
        1184402.8155832097,
        1172280.2193116993,
        1178346.4676351694,
        1185248.2314241526,
        1157326.8795576578,
        1144159.7331949135,
        1184997.4257811888,
        1154468.2688511882,
        1177541.6501403037,
        1139164.2205958024,
        1177954.377206329,
        1187923.4839860413,
        1144882.6744763975,
        1173718.743023512,
        1169294.066988973,
        1139342.8412585831,
        1138865.1344100677
    ],
    "50": [
        1104079.6720876857,
        1097341.4729115556,
        1097569.6117529457,
        1118148.012273957,
        1133905.8632063547,
        1094152.5239900597,
        1083858.0779417611,
        1083269.5706250668,
        1120195.7242598704,
        1113738.4061281993,
        1068624.312324622,
        1099854.2353110346,
        1091873.7757129592,
        1096672.7208269513,
        1114730.8316754247,
        1093778.4939969024,
        1112104.3457066454,
        1122211.8719315375,
        1117745.0985900087,
        1082454.9772307272
    ],
    "80": [
        1054324.3998830463,
        1066054.996658244,
        1088632.7097236705,
        1071443.8357039385,
        1080012.895827384,
        1059620.8427835188,
        1046503.9992204467,
        1084149.9388358756,
        1083463.205486995,
        1047628.5438259629,
        1055700.9858867137,
        1068167.188300782,
        1082717.7526494316,
        1070440.6638652363,
        1078068.444246241,
        1073226.4069153422,
        1044787.2801996808,
        1071330.6978900414,
        1095239.262764984,
        1076255.916093591
    ],
    "100": [
        1065910.2551528623,
        1045994.2025544787,
        1076731.138318549,
        1069492.0871153153,
        1047109.9410686973,
        1071439.7446592194,
        1064490.0135777383,
        1072680.0507039945,
        1073315.1947563738,
        1053523.0481702404,
        1031521.1720434643,
        1051487.9104280958,
        1051682.4323808893,
        1052763.9529181134,
        1053927.4848909387,
        1014489.024504447,
        1039086.5170896532,
        1073003.025932463,
        1061575.4122396545,
        1084805.7290033714
    ]
}