{
    "1e-05": [
        1300389.9369792799,
        1196109.1545177258,
        1287456.812093389,
        1203391.3301767071,
        1210306.2490120074,
        1209119.8370263367,
        1294886.1163580487,
        1246606.8355538987,
        1259092.1800418748,
        1233299.1325163844
    ],
    "5e-05": [
        1143778.283772884,
        1131191.2236597484,
        1162595.2137619471,
        1136668.4597586636,
        1120882.8274141443,
        1127563.215095686,
        1134808.8407093189,
        1156098.1040232219,
        1165080.4958897321,
        1134559.95954862
    ],
    "0.0001": [
        1098262.5755438777,
        1108761.000228369,
        1150490.284186286,
        1068916.8518021551,
        1139196.0703937744,
        1103009.054027129,
        1124273.015249322,
        1117204.1169127612,
        1096977.6087715311,
        1128857.8961485182
    ],
    "0.0002": [
        1054695.082551687,
        1082350.7877936827,
        1077488.7261127587,
        1074520.4039485524,
        1106380.126956753,
        1124772.6942041565,
        1088723.5820572881,
        1076339.4079803713,
        1116971.5655336455,
        1101237.1596780557
    ],
    "0.0003": [
        1078276.815591352,
        1097541.890143152,
        1101810.1140170076,
        1052638.7543817281,
        1122461.0541514466,
        1076955.721732067,
        1106350.9232021722,
        1106772.981093399,
        1098503.1108053334,
        1102016.2241706678
    ],
    "0.0004": [
        1081816.510320874,
        1104044.8054733404,
        1093173.1319229791,
        1105402.6234740515,
        1087485.2283269027,
        1109581.490246713,
        1093226.9404300977,
        1076609.91788331,
        1095037.1599627289,
        1115067.700405188
    ],
    "0.0008": [
        1113377.7952802298,
        1149336.249342723,
        1112063.955613149,
        1144533.7656226917,
        1096347.4328437762,
        1117797.8547972494,
        1116610.2306165802,
        1131047.722297328,
        1092824.3979856363,
        1116327.9216466567
    ]
}