{
    "0.05": [
        1112948.4052123763,
        1123268.327099577,
        1133062.153769511,
        1145519.883397293,
        1123325.1822253843,
        1137552.5706120622,
        1153229.6503433194,
        1132305.9534249525,
        1137103.2234437778,
        1130147.2665823153,
        1148272.4200941816,
        1111693.0278024368,
        1113609.9844602735,
        1135586.8497398347,
        1139365.9804318054,
        1113909.169075851,
        1142515.8098541494,
        1155502.1853483438,
        1107058.2534525853,
        1136213.7094863881
    ],
    "0.1": [
        1104716.576011089,
        1086289.2886518724,
        1096044.3583561378,
        1112506.1061251876,
        1117518.5469015655,
        1085666.9354639428,
        1112674.8563441564,
        1123750.197006517,
        1111859.8338368852,
        1092194.2212243697,
        1109408.5920885168,
        1114370.045557826,
        1103817.0406885815,
        1087288.6325981328,
        1105184.3229899586,
        1118903.098787831,
        1088688.9873902837,
        1111786.0110257384,
        1097329.6195879434,
        1108498.845005389
    ],
    "0.2": [
        1125086.306829415,
        1110543.7304252912,
        1113525.8601576549,
        1108262.967291844,
        1111746.9117064667,
        1092744.4981330659,
        1091728.0880127319,
        1107415.0912731763,
        1101634.4176961267,
        1113798.7180881521,
        1096740.0804688935,
        1107900.1626017538,
        1131883.6100523858,
        1089281.2280388665,
        1109783.8678615896,
        1103711.4557212049,
        1114186.2768038874,
        1065389.7578167985,
        1083195.635813464,
        1099239.128527311
    ],
    "0.3": [
        1110898.5210514194,
        1110078.901907018,
        1104371.5619622075,
        1093895.409928215,
        1077278.4479291283,
        1096018.2515933074,
        1112825.0557449171,
        1126451.5974338895,
        1100687.7566183235,
        1127964.955845746,
        1108925.9231883562,
        1108189.7817072393,
        1117730.0029669614,
        1091659.3376822255,
        1061851.7010322628,
        1116586.3913797769,
        1117329.707423144,
        1110294.702032145,
        1115204.593010879,
        1093942.9315527405
    ]
}